agnes_reg_3,agnes_reg_5
110.51800000000003,136.7550000000001
111.16499999999996,140.95699999999988
111.50599999999986,140.51099999999997
111.43600000000015,140.78099999999995
111.80499999999984,145.64199999999983
113.39799999999991,141.37599999999975
112.00500000000011,136.2550000000001
112.30400000000009,139.89100000000008
112.36699999999996,139.91400000000021
113.60299999999984,141.20100000000002
