agnes_reg_3,agnes_reg_5
149.345,205.44700000000012
150.76300000000003,202.31299999999987
152.00199999999995,199.63900000000012
153.61200000000008,196.47700000000032
147.01800000000003,193.48099999999977
147.67799999999988,199.17200000000003
150.76199999999994,193.7439999999997
165.25099999999998,194.44399999999996
162.01599999999985,193.67500000000018
167.82100000000014,198.18100000000004
